<?xml version="1.0" encoding="UTF-8"?>
<project-private xmlns="http://www.netbeans.org/ns/project-private/1">
    <editor-bookmarks xmlns="http://www.netbeans.org/ns/editor-bookmarks/2" lastBookmarkId="0"/>
    <open-files xmlns="http://www.netbeans.org/ns/projectui-open-files/2">
        <group>
            <file>file:/C:/Users/Joe/Documents/UPEU%20-%20CICLO%20III/(3)%20Lenguaje%20de%20Programación%20I/NetBeans/EXAMEN_LP_02/web/css/estilos.css</file>
            <file>file:/C:/Users/Joe/Documents/UPEU%20-%20CICLO%20III/(3)%20Lenguaje%20de%20Programación%20I/NetBeans/EXAMEN_LP_02/web/css/bootstrap-reboot.min.css</file>
            <file>file:/C:/Users/Joe/Documents/UPEU%20-%20CICLO%20III/(3)%20Lenguaje%20de%20Programación%20I/NetBeans/EXAMEN_LP_02/web/css/bootstrap-grid.min.css</file>
            <file>file:/C:/Users/Joe/Documents/UPEU%20-%20CICLO%20III/(3)%20Lenguaje%20de%20Programación%20I/NetBeans/EXAMEN_LP_02/web/css/bootstrap.min.css</file>
            <file>file:/C:/Users/Joe/Documents/UPEU%20-%20CICLO%20III/(3)%20Lenguaje%20de%20Programación%20I/NetBeans/EXAMEN_LP_02/src/java/EXAMLP/test/Test.java</file>
            <file>file:/C:/Users/Joe/Documents/UPEU%20-%20CICLO%20III/(3)%20Lenguaje%20de%20Programación%20I/NetBeans/EXAMEN_LP_02/web/index.jsp</file>
            <file>file:/C:/Users/Joe/Documents/UPEU%20-%20CICLO%20III/(3)%20Lenguaje%20de%20Programación%20I/NetBeans/EXAMEN_LP_02/web/css/bootstrap.css</file>
            <file>file:/C:/Users/Joe/Documents/UPEU%20-%20CICLO%20III/(3)%20Lenguaje%20de%20Programación%20I/NetBeans/EXAMEN_LP_02/web/css/bootstrap-grid.css</file>
            <file>file:/C:/Users/Joe/Documents/UPEU%20-%20CICLO%20III/(3)%20Lenguaje%20de%20Programación%20I/NetBeans/EXAMEN_LP_02/web/css/bootstrap.min.css.map</file>
        </group>
    </open-files>
</project-private>
